{"cameraMode":{"drawMode":0,"name":"Shaded","section":"Shading Mode"},"sceneLighting":false,"audioPlay":false,"sceneViewState":{"showFog":true,"showMaterialUpdate":false,"showSkybox":false,"showFlares":true,"showImageEffects":true,"showParticleSystems":true},"in2DMode":false,"pivot":{"x":36.59382629394531,"y":3.5234479904174806,"z":49.94476318359375},"rotation":{"x":0.223284512758255,"y":-0.5549851655960083,"z":0.1577276587486267,"w":0.785667359828949},"size":10.476940155029297,"orthographic":false}