{"cameraMode":{"drawMode":0,"name":"Shaded","section":"Shading Mode"},"sceneLighting":false,"audioPlay":false,"sceneViewState":{"showFog":true,"showMaterialUpdate":false,"showSkybox":false,"showFlares":true,"showImageEffects":true,"showParticleSystems":true},"in2DMode":false,"pivot":{"x":8.389946937561036,"y":1.7373305559158326,"z":10.980573654174805},"rotation":{"x":0.2890779674053192,"y":-0.028713658452033998,"z":0.008675593882799149,"w":0.9568402171134949},"size":2.837524175643921,"orthographic":false}